dataset, temperature, model_type, query, response
1, , map_reduce,What was the most interesting idea in this text?,The most interesting idea from this text is that language has the power to neutralize violence or start violence.
1, , map_reduce, ,"Christianity adapted to its environment by changing its physical practices to a more metaphorical and spiritual practice, allowing it to spread more quickly."
2, , map_reduce, ,The most interesting idea in this text is that showing can lead to a more captivating story since it requires readers to engage their brains and pick up on the hinted nuances.
3,, map_reduce,What was the most complex idea in this text?,I don't know.
3,, map_reduce,What was the most interesting idea in this text?,The most interesting idea in this text is that Mr. Modi's identity in the eyes of the Indian people and the outcome of the 2024 Indian general election will greatly affect the direction India takes to farmers and industrialization.
3,, map_reduce,What was the most interesting idea in this text?,"The most interesting idea in this text is the idea of a War on Journalism being waged by leaders such as Putin and Trump, where they actively try to discredit and silence the press in order to further control their audience."
4,0.5, map_reduce,What was the most interesting idea in this text?,"The most interesting idea in this text is that diversity of strategy is important when taking a decisive course of action, as suggested by Machiavelli's quote that the ends justify the means."
4,, map_reduce,What was the most interesting idea in this text?,"Aquinas quoting Augustine's statement: ""It is not the case that peace is sought in order that war might be waged; rather, war is waged in order that peace might be acquired."""
4,, map_reduce,,The most interesting idea in this text is that death and suffering should not be excused by ideology.
4,, map_reduce,,The most impactful idea for the future in this text is the need for an education system that is based on freedom of thought and promotes the Socratic method of questioning and disregarding assumptions in order to create an educated and thoughtful society.
4,, map_reduce,Can you summarize the philosophies contained in this text in about 200 words,"This text draws from many sources of political philosophy, such as Nietzsche, Hegel, Camus, and Lacan, to explore the complexities of our views of the world. It emphasizes human connection, understanding our place in power dynamics, and working towards unity instead of submission to authority. It proposes that traditional political ideologies and philosophies are incompatible with progress due to their foundational assumptions of a state of nature and homogenous society, and highlights the need to find a balance between worship and purpose, and collaborate instead of compete. Augustine's philosophy of peace and war is also discussed, in which it is argued that one must be both a lion to drive fear and a fox to recognize traps in order to gain control and maintain power."
4,, map_reduce,what is one piece of advice you would give to the authors of this text?,"Recognize the importance of structure and to use lessons from history to understand why certain decisions are made. It is important to use a formal, yet direct tone, and understand the implications of your decisions. Finally, remember that the means justify the ends, and even in cases of seeming corruption, one must know how to appear to have all the good qualities."
0,, map_reduce,,"The sentence structure and syntax of the text become more complex at the bottom of the file, with longer sentences and more clauses. Vocabulary also becomes more varied. There is less repetition of words and more sophisticated descriptions and detail. The writing also transitions from a description of a scene to narration of a quest."
0,, map_reduce,how does the quality of the language in this text evolve over time?,N/A
0,, map_reduce,what would the author of the end of the file say to the author of the beginning?,"You need to be careful and honest when you share your stories. Embellishing makes them more entertaining, but false stories can easily leave you in a difficult situation. Watch yourself and make sure you can back up your claims with evidence."
0,, map_reduce,what is the most profound assertion made in this text?,"""Be peaceful when engaging in war, in order that, by subduing those whom you are fighting against, you might lead them to the benefits of peace."" (Augustine as qtd. in Aquinas)."
